29842.0,transcription factor CP2-like 1,-0.47376366523903907,3.3084749872486608e-07,"
"
58524.0,doublesex and mab-3 related transcription factor 3,-0.43369794106600501,2.8909128771984676e-06,"
"
50964.0,sclerostin,-0.42714038376349572,4.0485706214289626e-06,"Sclerostin is a secreted glycoprotein with a C-terminal cysteine knot-like (CTCK) domain and sequence similarity to the DAN (differential screening-selected gene aberrative in neuroblastoma) family of bone morphogenetic protein (BMP) antagonists. Loss-of-function mutations in this gene are associated with an autosomal-recessive disorder, sclerosteosis, which causes progressive bone overgrowth. A deletion downstream of this gene, which causes reduced sclerostin expression, is associated with a milder form of the disorder called van Buchem disease. [provided by RefSeq, Jul 2008]"
30846.0,EH-domain containing 2,-0.41948230360316191,5.9717727743534455e-06,"This gene encodes a member of the EH domain-containing protein family. These proteins are characterized by a C-terminal EF-hand domain, a nucleotide-binding consensus site at the N terminus and a bipartite nuclear localization signal. The encoded protein interacts with the actin cytoskeleton through an N-terminal domain and also binds to an EH domain-binding protein through the C-terminal EH domain. This interaction appears to connect clathrin-dependent endocytosis to actin, suggesting that this gene product participates in the endocytic pathway. [provided by RefSeq, Jul 2008]"
84690.0,spermatogenesis associated 22,-0.39716795453235737,1.7952980778215482e-05,"
"
4256.0,matrix Gla protein,-0.39677234777328335,1.8323827997308558e-05,"The protein encoded by this gene is secreted and likely acts as an inhibitor of bone formation. The encoded protein is found in the organic matrix of bone and cartilage. Defects in this gene are a cause of Keutel syndrome (KS). Two transcript variants encoding different isoforms have been found for this gene. [provided by RefSeq, Jun 2010]"
2070.0,EYA transcriptional coactivator and phosphatase 4,-0.38909490902042143,2.6410970772363716e-05,"This gene encodes a member of the eyes absent (EYA) family of proteins. The encoded protein may act as a transcriptional activator through its protein phosphatase activity, and it may be important for eye development, and for continued function of the mature organ of Corti. Mutations in this gene are associated with postlingual, progressive, autosomal dominant hearing loss at the deafness, autosomal dominant non-syndromic sensorineural 10 locus. The encoded protein is also a putative oncogene that mediates DNA repair, apoptosis, and innate immunity following DNA damage, cellular damage, and viral attack. Defects in this gene are also associated with dilated cardiomyopathy 1J. Alternative splicing results in multiple transcript variants encoding distinct isoforms. [provided by RefSeq, Jul 2014]"
11005.0,"serine peptidase inhibitor, Kazal type 5",-0.38618288263817846,3.0331765005512539e-05,"This gene encodes a multidomain serine protease inhibitor that contains 15 potential inhibitory domains. The inhibitor may play a role in skin and hair morphogenesis and anti-inflammatory and/or antimicrobial protection of mucous epithelia. Mutations may result in Netherton syndrome, a disorder characterized by ichthyosis, defective cornification, and atopy. Multiple transcript variants encoding different isoforms have been found for this gene. [provided by RefSeq, Jul 2008]"
374.0,amphiregulin,-0.37319229218808431,5.54371943666621e-05,"The protein encoded by this gene is a member of the epidermal growth factor family. It is an autocrine growth factor as well as a mitogen for astrocytes, Schwann cells and fibroblasts. It is related to epidermal growth factor (EGF) and transforming growth factor alpha (TGF-alpha). The protein interacts with the EGF/TGF-alpha receptor to promote the growth of normal epithelial cells, and it inhibits the growth of certain aggressive carcinoma cell lines. It also functions in mammary gland, oocyte and bone tissue development. This gene is associated with a psoriasis-like skin phenotype, and is also associated with other pathological disorders, including various types of cancers and inflammatory conditions. [provided by RefSeq, Apr 2014]"
10877.0,complement factor H-related 4,-0.37048056556533915,6.252102483291454e-05,"This gene is a member of the complement factor H (CFH) gene family, and encodes one of the 5 CFH-related (CFHR) proteins. These 5 genes are closely linked to the CFH gene on chromosome 1q31-q32. The CFHRs are secreted plasma proteins synthesized primarily by the hepatocytes, and composed of highly-related short consensus repeats (SCRs). This protein enhances the cofactor activity of CFH, and is involved in complement regulation. It can associate with lipoproteins and may play a role in lipid metabolism. Alternatively spliced transcript variants encoding different isoforms (varying in the number of SCRs) have been described for this gene. [provided by RefSeq, Jan 2011]"
3355.0,"5-hydroxytryptamine (serotonin) receptor 1F, G protein-coupled",-0.3696593888786473,6.4872915866962292e-05,"
"
219790.0,rhotekin 2,-0.36391868092006263,8.3952242200929761e-05,"
"
3764.0,"potassium channel, inwardly rectifying subfamily J, member 8",-0.35652814710894015,0.00011622701506329539,"Potassium channels are present in most mammalian cells, where they participate in a wide range of physiologic responses. The protein encoded by this gene is an integral membrane protein and inward-rectifier type potassium channel. The encoded protein, which has a greater tendency to allow potassium to flow into a cell rather than out of a cell, is controlled by G-proteins. Defects in this gene may be a cause of J-wave syndromes and sudden infant death syndrome (SIDS). [provided by RefSeq, May 2012]"
2712.0,glycerol kinase 2,-0.35175564184019403,0.00014344800393450191,"
"
6578.0,"solute carrier organic anion transporter family, member 2A1",-0.34941106560098534,0.00015845032974675928,"This gene encodes a prostaglandin transporter that is a member of the 12-membrane-spanning superfamily of transporters. The encoded protein may be involved in mediating the uptake and clearance of prostaglandins in numerous tissues. [provided by RefSeq, Dec 2011]"
554202.0,MIR31 host gene,-0.3489988888575612,0.00016140301263157671,"
"
90102.0,"pleckstrin homology-like domain, family B, member 2",-0.34733882912455616,0.00017314158516990019,"
"
728743.0,zinc finger protein pseudogene,-0.34283027766366475,0.00021005153533195338,150405752..150412470
9547.0,chemokine (C-X-C motif) ligand 14,-0.34215518904117059,0.00021565195900313163,"This antimicrobial gene belongs to the cytokine gene family which encode secreted proteins involved in immunoregulatory and inflammatory processes. The protein encoded by this gene is structurally related to the CXC (Cys-X-Cys) subfamily of cytokines. Members of this subfamily are characterized by two cysteines separated by a single amino acid. This cytokine displays chemotactic activity for monocytes but not for lymphocytes, dendritic cells, neutrophils or macrophages. It has been implicated that this cytokine is involved in the homeostasis of monocyte-derived macrophages rather than in inflammation. [provided by RefSeq, Sep 2014]"
6096.0,RAR-related orphan receptor B,-0.33907625292960997,0.00024580828920940521,"The protein encoded by this gene is a member of the NR1 subfamily of nuclear hormone receptors. It is a DNA-binding protein that can bind as a monomer or as a homodimer to hormone response elements upstream of several genes to enhance the expression of those genes. The encoded protein has been shown to interact with NM23-2, a nucleoside diphosphate kinase involved in organogenesis and differentiation, and to help regulate the expression of some genes involved in circadian rhythm. [provided by RefSeq, Feb 2014]"
170961.0,ankyrin repeat domain 24,-0.33773225615426761,0.00025995868674043629,"
"
29065.0,ASAP1 intronic transcript 1,-0.33770838671307019,0.00026017922069408982,1
50507.0,NADPH oxidase 4,-0.33331119606834642,0.00031236409478468762,"This gene encodes a member of the NOX-family of enzymes that functions as the catalytic subunit the NADPH oxidase complex. The encoded protein is localized to non-phagocytic cells where it acts as an oxygen sensor and catalyzes the reduction of molecular oxygen to various reactive oxygen species (ROS). The ROS generated by this protein have been implicated in numerous biological functions including signal transduction, cell differentiation and tumor cell growth. A pseudogene has been identified on the other arm of chromosome 11. Alternative splicing results in multiple transcript variants.[provided by RefSeq, Jan 2009]"
399939.0,tripartite motif containing 49D1,-0.33236132611462332,0.00032641944817608651,"
"
3671.0,immunoglobulin superfamily containing leucine-rich repeat,-0.33099220220435172,0.00034431217578415128,"
"
11281.0,POU class 6 homeobox 2,-0.3307503071380456,0.00034746672044483134,"This gene encodes a member of the POU protein family characterized by the presence of a bipartite DNA binding domain, consisting of a POU-specific domain and a homeodomain, separated by a variable polylinker. The DNA binding domain may bind to DNA as monomers or as homo- and/or heterodimers, in a sequence-specific manner. The POU family members are transcriptional regulators, many of which are known to control cell type-specific differentiation pathways. This gene is a tumor suppressor involved in Wilms tumor (WT) predisposition. Alternatively spliced transcript variants encoding distinct isoforms have been found for this gene.[provided by RefSeq, Oct 2009]"
22891.0,zinc finger protein 365,-0.32966323977037321,0.00036312217235098153,"This gene encodes several isoforms which have different expression patterns and functions. Mutation in this gene is associated with uric acid nephrolithiasis (UAN). Alternatively spliced variants, encoding distinct proteins, have been identified. [provided by RefSeq, May 2010]"
221442.0,adenylate cyclase 10 (soluble) pseudogene 1,-0.3284147040937675,0.00038332105360002817,23
374973.0,testis expressed 38,-0.3271911904027649,0.00040190196186827413,"
"
253314.0,eukaryotic translation initiation factor 4E family member 1B,-0.32652218806994365,0.00041283627914372742,"
"
56961.0,Src homology 2 domain containing transforming protein D,-0.32407010612537179,0.00045531025333737837,"
"
4058.0,leukocyte receptor tyrosine kinase,-0.32303810947537381,0.00047541862323048406,"The protein encoded by this gene is a member of the ros/insulin receptor family of tyrosine kinases. Tyrosine-specific phosphorylation of proteins is a key to the control of diverse pathways leading to cell growth and differentiation. Multiple transcript variants encoding different isoforms have been found for this gene. [provided by RefSeq, Oct 2008]"
383.0,arginase 1,-0.3207450302148529,0.00052146093673989861,"
"
283248.0,REST corepressor 2,-0.31709442773775753,0.00060304363110187512,"
"
8581.0,"lymphocyte antigen 6 complex, locus D",-0.31648947087965879,0.00061764765451375041,"
"
727930.0,chondroitin sulfate proteoglycan 4-like,-0.31429230603056352,0.0006782362654971936,54810139..54872034
1803.0,dipeptidyl-peptidase 4,-0.31365201522624275,0.00069113535612421524,"The protein encoded by this gene is identical to adenosine deaminase complexing protein-2, and to the T-cell activation antigen CD26. It is an intrinsic membrane glycoprotein and a serine exopeptidase that cleaves X-proline dipeptides from the N-terminus of polypeptides. [provided by RefSeq, Jul 2008]"
80111.0,chromosome 3 open reading frame 36,-0.31324052706485139,0.00070240080629632349,"
"
1031.0,"cyclin-dependent kinase inhibitor 2C (p18, inhibits CDK4)",-0.31188058666295709,0.00073954843805585496,"The protein encoded by this gene is a member of the INK4 family of cyclin-dependent kinase inhibitors. This protein has been shown to interact with CDK4 or CDK6, and prevent the activation of the CDK kinases, thus function as a cell growth regulator that controls cell cycle G1 progression. Ectopic expression of this gene was shown to suppress the growth of human cells in a manner that appears to correlate with the presence of a wild-type RB1 function. Studies in the knockout mice suggested the roles of this gene in regulating spermatogenesis, as well as in suppressing tumorigenesis. Two alternatively spliced transcript variants of this gene, which encode an identical protein, have been reported. [provided by RefSeq, Jul 2008]"
91355.0,low density lipoprotein receptor-related protein 5-like,-0.31148308344624576,0.00075169294037480741,"
"
57125.0,plexin domain containing 1,-0.31147815771520809,0.00075061308172149276,"
"
3273.0,histidine-rich glycoprotein,-0.31119542307058101,0.00076136037733411587,"This histidine-rich glycoprotein contains two cystatin-like domains and is located in plasma and platelets. The physiological function has not been determined but it is known that the protein binds heme, dyes and divalent metal ions. The encoded protein also has a peptide that displays antimicrobial activity against C. albicans, E. coli, S. aureus, P. aeruginosa, and E. faecalis. It can inhibit rosette formation and interacts with heparin, thrombospondin and plasminogen. Two of the protein's effects, the inhibition of fibrinolysis and the reduction of inhibition of coagulation, indicate a potential prothrombotic effect. Mutations in this gene lead to thrombophilia due to abnormal histidine-rich glycoprotein levels. [provided by RefSeq, Nov 2014]"
79658.0,Rho GTPase activating protein 10,-0.310576707277821,0.00077901464530778059,"
"
440823.0,myocardial infarction associated transcript (non-protein coding),-0.30901772777199171,0.00082711570194239853,"This gene encodes a spliced long non-coding RNA that may constitute a component of the nuclear matrix. Altered expression of this locus has been reported to be associated with a susceptibility to myocardial infarction. It has also been proposed that pathways involving this transcript may contribute to the pathophysiology of schizophrenia. A similar gene in mouse has been associated with retinal cell fate determination. Alternatively spliced transcript variants have been identified. [provided by RefSeq, Dec 2014]"
26245.0,"olfactory receptor, family 2, subfamily M, member 4",-0.30899695260881432,0.00082879976233773695,"Olfactory receptors interact with odorant molecules in the nose, to initiate a neuronal response that triggers the perception of a smell. The olfactory receptor proteins are members of a large family of G-protein-coupled receptors (GPCR) arising from single coding-exon genes. Olfactory receptors share a 7-transmembrane domain structure with many neurotransmitter and hormone receptors and are responsible for the recognition and G protein-mediated transduction of odorant signals. The olfactory receptor gene family is the largest in the genome. The nomenclature assigned to the olfactory receptor genes and proteins for this organism is independent of other organisms. [provided by RefSeq, Jul 2008]"
9834.0,KIAA0125,-0.30865139772392952,0.00083996206599945067,"
"
55908.0,chromosome 19 open reading frame 80,-0.30793855770704731,0.00086187907026435062,"
"
731220.0,"RFX family member 8, lacking RFX DNA binding domain",-0.3074276265507862,0.00087966410479800128,"
"
818.0,calcium/calmodulin-dependent protein kinase II gamma,-0.30731117309612643,0.0008827402317403536,"The product of this gene is one of the four subunits of an enzyme which belongs to the serine/threonine protein kinase family, and to the Ca(2+)/calmodulin-dependent protein kinase subfamily. Calcium signaling is crucial for several aspects of plasticity at glutamatergic synapses. In mammalian cells the enzyme is composed of four different chains: alpha, beta, gamma, and delta. The product of this gene is a gamma chain. Many alternatively spliced transcripts encoding different isoforms have been described but the full-length nature of all the variants has not been determined.[provided by RefSeq, Mar 2011]"
51301.0,"glucosaminyl (N-acetyl) transferase 4, core 2",-0.30714786704150565,0.00088919378286659038,"
"
8714.0,"ATP-binding cassette, sub-family C (CFTR/MRP), member 3",-0.30619160242630017,0.00092230803600517903,"The protein encoded by this gene is a member of the superfamily of ATP-binding cassette (ABC) transporters. ABC proteins transport various molecules across extra- and intra-cellular membranes. ABC genes are divided into seven distinct subfamilies (ABC1, MDR/TAP, MRP, ALD, OABP, GCN20, White). This protein is a member of the MRP subfamily which is involved in multi-drug resistance. The specific function of this protein has not yet been determined; however, this protein may play a role in the transport of biliary and intestinal excretion of organic anions. Alternatively spliced variants which encode different protein isoforms have been described; however, not all variants have been fully characterized. [provided by RefSeq, Jul 2008]"
284111.0,"solute carrier family 13 (sodium-dependent citrate transporter), member 5",-0.30599864791393089,0.00092809052908037111,"This gene encodes a protein belonging to the solute carrier family 13 group of proteins. This family member is a sodium-dependent citrate cotransporter that may regulate metabolic processes. Mutations in this gene cause early infantile epileptic encephalopathy 25. Alternative splicing results in multiple transcript variants. [provided by RefSeq, Aug 2014]"
168667.0,BMP binding endothelial regulator,-0.30486993494484327,0.00097096886961167879,"This gene encodes a secreted protein that interacts with, and inhibits bone morphogenetic protein (BMP) function. It has been shown to inhibit BMP2- and BMP4-dependent osteoblast differentiation and BMP-dependent differentiation of the chondrogenic cells. Mutations in this gene are associated with a lethal skeletal disorder, diaphanospondylodysostosis. [provided by RefSeq, Dec 2011]"
81491.0,G protein-coupled receptor 63,-0.3039446898573403,0.0010051199581663133,"This gene encodes a G protein-coupled receptor. Multiple alternatively spliced variants, encoding the same protein, have been identified. [provided by RefSeq, Dec 2011]"
10855.0,heparanase,-0.30372602884135441,0.0010158164190129603,"Heparan sulfate proteoglycans are major components of the basement membrane and extracellular matrix. The protein encoded by this gene is an enzyme that cleaves heparan sulfate proteoglycans to permit cell movement through remodeling of the extracellular matrix. In addition, this cleavage can release bioactive molecules from the extracellular matrix. Several transcript variants encoding different isoforms have been found for this gene. [provided by RefSeq, Sep 2011]"
6403.0,"selectin P (granule membrane protein 140kDa, antigen CD62)",-0.30366819843965276,0.0010184754055406404,"This gene encodes a 140 kDa protein that is stored in the alpha-granules of platelets and Weibel-Palade bodies of endothelial cells. This protein redistributes to the plasma membrane during platelet activation and degranulation and mediates the interaction of activated endothelial cells or platelets with leukocytes. The membrane protein is a calcium-dependent receptor that binds to sialylated forms of Lewis blood group carbohydrate antigens on neutrophils and monocytes. Alternative splice variants may occur but are not well documented. [provided by RefSeq, Jul 2008]"
442213.0,patched domain containing 4,-0.30354858476806701,0.0010199078521119969,"
"
6336.0,"sodium channel, voltage gated, type X alpha subunit",-0.30215731169291021,0.0010763302788427053,"The protein encoded by this gene is a tetrodotoxin-resistant voltage-gated sodium channel alpha subunit. The properties of the channel formed by the encoded transmembrane protein can be altered by interaction with different beta subunits. This protein may be involved in the onset of pain associated with peripheral neuropathy. Alternative splicing results in multiple transcript variants. [provided by RefSeq, Jun 2014]"
56203.0,leiomodin 3 (fetal),-0.30204981698253852,0.0010814368114028818,"The protein encoded by this gene is a member of the leiomodin family of proteins. This protein contains three actin-binding domains, a tropomyosin domain, a leucine-rich repeat domain, and a Wiskott-Aldrich syndrome protein homology 2 domain (WH2). Localization of this protein to the pointed ends of thin filaments has been observed, and there is evidence that this protein acts as a catalyst of actin nucleation, and is important to the organization of sarcomeric thin filaments in skeletal muscles. Mutations in this gene have been associated as one cause of Nemaline myopathy, as other genes have also been linked to this disorder. Nemaline myopathy is a disorder characterized by nonprogressive generalized muscle weakness and protein inclusions (nemaline bodies) in skeletal myofibers. Patients with mutations in this gene often present with a severe congenital form of the disorder. [provided by RefSeq, Jan 2015]"
1414.0,"crystallin, beta B1",-0.30198783622608294,0.0010838308590889406,"Crystallins are separated into two classes: taxon-specific, or enzyme, and ubiquitous. The latter class constitutes the major proteins of vertebrate eye lens and maintains the transparency and refractive index of the lens. Since lens central fiber cells lose their nuclei during development, these crystallins are made and then retained throughout life, making them extremely stable proteins. Mammalian lens crystallins are divided into alpha, beta, and gamma families; beta and gamma crystallins are also considered as a superfamily. Alpha and beta families are further divided into acidic and basic groups. Seven protein regions exist in crystallins: four homologous motifs, a connecting peptide, and N- and C-terminal extensions. Beta-crystallins, the most heterogeneous, differ by the presence of the C-terminal extension (present in the basic group, none in the acidic group). Beta-crystallins form aggregates of different sizes and are able to self-associate to form dimers or to form heterodimers with other beta-crystallins. This gene, a beta basic group member, undergoes extensive cleavage at its N-terminal extension during lens maturation. It is also a member of a gene cluster with beta-A4, beta-B2, and beta-B3. [provided by RefSeq, Jul 2008]"
401993.0,"olfactory receptor, family 2, subfamily T, member 5",-0.30189835120531483,0.0010870513057451544,"Olfactory receptors interact with odorant molecules in the nose, to initiate a neuronal response that triggers the perception of a smell. The olfactory receptor proteins are members of a large family of G-protein-coupled receptors (GPCR) arising from single coding-exon genes. Olfactory receptors share a 7-transmembrane domain structure with many neurotransmitter and hormone receptors and are responsible for the recognition and G protein-mediated transduction of odorant signals. The olfactory receptor gene family is the largest in the genome. The nomenclature assigned to the olfactory receptor genes and proteins for this organism is independent of other organisms. [provided by RefSeq, Jul 2008]"
121504.0,"histone cluster 4, H4",-0.30006240061057021,0.0011654070416416704,"Histones are basic nuclear proteins that are responsible for the nucleosome structure of the chromosomal fiber in eukaryotes. Nucleosomes consist of approximately 146 bp of DNA wrapped around a histone octamer composed of pairs of each of the four core histones (H2A, H2B, H3, and H4). The chromatin fiber is further compacted through the interaction of a linker histone, H1, with the DNA between the nucleosomes to form higher order chromatin structures. This gene is intronless and encodes a replication-dependent histone that is a member of the histone H4 family. Transcripts from this gene lack polyA tails; instead, they contain a palindromic termination element. [provided by RefSeq, Aug 2015]"
100128569.0,chromosome 19 open reading frame 71,-0.29942279187670612,0.0011953377469660249,"
"
283694.0,"olfactory receptor, family 4, subfamily N, member 4",-0.29774171635004543,0.0012737898647706156,"Olfactory receptors interact with odorant molecules in the nose, to initiate a neuronal response that triggers the perception of a smell. The olfactory receptor proteins are members of a large family of G-protein-coupled receptors (GPCR) arising from single coding-exon genes. Olfactory receptors share a 7-transmembrane domain structure with many neurotransmitter and hormone receptors and are responsible for the recognition and G protein-mediated transduction of odorant signals. The olfactory receptor gene family is the largest in the genome. The nomenclature assigned to the olfactory receptor genes and proteins for this organism is independent of other organisms. [provided by RefSeq, Jul 2008]"
6517.0,"solute carrier family 2 (facilitated glucose transporter), member 4",-0.2974580684974068,0.0012849043722456307,"This gene is a member of the solute carrier family 2 (facilitated glucose transporter) family and encodes a protein that functions as an insulin-regulated facilitative glucose transporter. In the absence of insulin, this integral membrane protein is sequestered within the cells of muscle and adipose tissue. Within minutes of insulin stimulation, the protein moves to the cell surface and begins to transport glucose across the cell membrane. Mutations in this gene have been associated with noninsulin-dependent diabetes mellitus (NIDDM). [provided by RefSeq, Jul 2008]"
2899.0,"glutamate receptor, ionotropic, kainate 3",-0.29654044491711928,0.0013276973412792402,"Glutamate receptors are the predominant excitatory neurotransmitter receptors in the mammalian brain and are activated in a variety of normal neurophysiologic processes. This gene product belongs to the kainate family of glutamate receptors, which are composed of four subunits and function as ligand-activated ion channels. It is not certain if the subunit encoded by this gene is subject to RNA editing as the other 2 family members (GRIK1 and GRIK2). A Ser310Ala polymorphism has been associated with schizophrenia, and there are conflicting reports of its association with the pathogenesis of delirium tremens in alcoholics. [provided by RefSeq, Jul 2008]"
23316.0,cut-like homeobox 2,-0.29647431355919718,0.0013331908307734914,"This gene encodes a protein which contains three CUT domains and a homeodomain; both domains are DNA-binding motifs. A similar gene, whose gene product possesses different DNA-binding activities, is located on chromosome on chromosome 7. Two pseudogenes of this gene have been identified on chromosomes 10 and 4. [provided by RefSeq, Jan 2013]"
127059.0,"olfactory receptor, family 2, subfamily M, member 5",-0.29598088543366158,0.0013588257853979118,"Olfactory receptors interact with odorant molecules in the nose, to initiate a neuronal response that triggers the perception of a smell. The olfactory receptor proteins are members of a large family of G-protein-coupled receptors (GPCR) arising from single coding-exon genes. Olfactory receptors share a 7-transmembrane domain structure with many neurotransmitter and hormone receptors and are responsible for the recognition and G protein-mediated transduction of odorant signals. The olfactory receptor gene family is the largest in the genome. The nomenclature assigned to the olfactory receptor genes and proteins for this organism is independent of other organisms. [provided by RefSeq, Jul 2008]"
283078.0,mohawk homeobox,-0.29546857765492368,0.0013842591001167065,"The protein encoded by this gene is an IRX family-related homeobox protein that may play a role in cell adhesion. Studies in mice suggest that this protein may be a regulator of tendon development. Two transcript variants encoding the same protein have been found for this gene.[provided by RefSeq, Jun 2011]"
56548.0,carbohydrate (N-acetylglucosamine 6-O) sulfotransferase 7,-0.29537237879528883,0.0013901185807065591,"This gene is a member of the Gal/GalNAc/GlcNAc (galactose/N-acetylgalactosamine/N-acetylglucosamine) 6-O-sulfotransferase (GST) family. Members of this family encode enzymes that catalyze the specific addition of sulfate groups to distinct hydroxyl and amino groups of carbohydrates. The encoded protein catalyzes the sulfation of 6-hydroxyl group of GalNAc in chondroitin. [provided by RefSeq, Aug 2013]"
4314.0,matrix metallopeptidase 3,-0.29454259577381081,0.0014365751146979949,"Proteins of the matrix metalloproteinase (MMP) family are involved in the breakdown of extracellular matrix in normal physiological processes, such as embryonic development, reproduction, and tissue remodeling, as well as in disease processes, such as arthritis and metastasis. Most MMP's are secreted as inactive proproteins which are activated when cleaved by extracellular proteinases. This gene encodes an enzyme which degrades fibronectin, laminin, collagens III, IV, IX, and X, and cartilage proteoglycans. The enzyme is thought to be involved in wound repair, progression of atherosclerosis, and tumor initiation. The gene is part of a cluster of MMP genes which localize to chromosome 11q22.3. [provided by RefSeq, Jul 2008]"
1893.0,extracellular matrix protein 1,-0.29439735105527481,0.0014401961879538063,"This gene encodes a soluble protein that is involved in endochondral bone formation, angiogenesis, and tumor biology. It also interacts with a variety of extracellular and structural proteins, contributing to the maintenance of skin integrity and homeostasis. Mutations in this gene are associated with lipoid proteinosis disorder (also known as hyalinosis cutis et mucosae or Urbach-Wiethe disease) that is characterized by generalized thickening of skin, mucosae and certain viscera. Alternatively spliced transcript variants encoding distinct isoforms have been described for this gene. [provided by RefSeq, Feb 2011]"
1300.0,"collagen, type X, alpha 1",-0.29411979257605686,0.0014556113322061789,"
"
54716.0,"solute carrier family 6 (proline IMINO transporter), member 20",-0.293735427507819,0.0014764111987360825,"Transport of small hydrophilic substances across cell membranes is mediated by substrate-specific transporter proteins which have been classified into several families of related genes. The protein encoded by this gene is a member of the subgroup of transporter with unidentified substrates within the Na+ and Cl- coupled transporter family. This gene is expressed in kidney, and its alternative splicing generates 2 transcript variants. [provided by RefSeq, Jul 2008]"
4883.0,natriuretic peptide receptor 3,-0.29368926675295443,0.0014799251058314957,"This gene encodes one of three natriuretic peptide receptors. Natriutetic peptides are small peptides which regulate blood volume and pressure, pulmonary hypertension, and cardiac function as well as some metabolic and growth processes. The product of this gene encodes a natriuretic peptide receptor responsible for clearing circulating and extracellular natriuretic peptides through endocytosis of the receptor. Multiple transcript variants encoding different isoforms have been found for this gene.[provided by RefSeq, Feb 2011]"
53947.0,"alpha 1,4-galactosyltransferase",-0.29322939358581074,0.0015058340834620363,"The protein encoded by this gene catalyzes the transfer of galactose to lactosylceramide to form globotriaosylceramide, which has been identified as the P(k) antigen of the P blood group system. The encoded protein, which is a type II membrane protein found in the Golgi, is also required for the synthesis of the bacterial verotoxins receptor. [provided by RefSeq, Jul 2008]"
10406.0,WAP four-disulfide core domain 2,-0.29288327411354625,0.001523870714913448,"This gene encodes a protein that is a member of the WFDC domain family. The WFDC domain, or WAP Signature motif, contains eight cysteines forming four disulfide bonds at the core of the protein, and functions as a protease inhibitor in many family members. This gene is expressed in pulmonary epithelial cells, and was also found to be expressed in some ovarian cancers. The encoded protein is a small secretory protein, which may be involved in sperm maturation. [provided by RefSeq, Jul 2008]"
57538.0,alpha-kinase 3,-0.29262585302355543,0.0015396180241388975,"
"
200315.0,"apolipoprotein B mRNA editing enzyme, catalytic polypeptide-like 3A",-0.29218216211963255,0.0015693129854816327,"This gene is a member of the cytidine deaminase gene family. It is one of seven related genes or pseudogenes found in a cluster, thought to result from gene duplication, on chromosome 22. Members of the cluster encode proteins that are structurally and functionally related to the C to U RNA-editing cytidine deaminase APOBEC1. The protein encoded by this gene lacks the zinc binding activity of other family members. The protein plays a role in immunity, by restricting transmission of foreign DNA such as viruses. One mechanism of foreign DNA restriction is deamination of foreign double-stranded DNA cytidines to uridines, which leads to DNA degradation. However, other mechanisms are also thought to be involved, as anti-viral effect is not dependent on deaminase activity. Two transcript variants encoding different isoforms have been found for this gene. [provided by RefSeq, Jul 2012]"
2326.0,flavin containing monooxygenase 1,-0.29155142842589465,0.0016034278656172521,"
"
3852.0,"keratin 5, type II",-0.29030831893264719,0.0016772105317672927,"The protein encoded by this gene is a member of the keratin gene family. The type II cytokeratins consist of basic or neutral proteins which are arranged in pairs of heterotypic keratin chains coexpressed during differentiation of simple and stratified epithelial tissues. This type II cytokeratin is specifically expressed in the basal layer of the epidermis with family member KRT14. Mutations in these genes have been associated with a complex of diseases termed epidermolysis bullosa simplex. The type II cytokeratins are clustered in a region of chromosome 12q12-q13. [provided by RefSeq, Jul 2008]"
138882.0,"olfactory receptor, family 1, subfamily N, member 2",-0.2898422373025264,0.001706965872934456,"Olfactory receptors interact with odorant molecules in the nose, to initiate a neuronal response that triggers the perception of a smell. The olfactory receptor proteins are members of a large family of G-protein-coupled receptors (GPCR) arising from single coding-exon genes. Olfactory receptors share a 7-transmembrane domain structure with many neurotransmitter and hormone receptors and are responsible for the recognition and G protein-mediated transduction of odorant signals. The olfactory receptor gene family is the largest in the genome. The nomenclature assigned to the olfactory receptor genes and proteins for this organism is independent of other organisms. [provided by RefSeq, Jul 2008]"
4985.0,"opioid receptor, delta 1",-0.28888862470192417,0.0017671087341615108,"
"
3651.0,pancreatic and duodenal homeobox 1,-0.28866466448178851,0.0017816061497720414,"The protein encoded by this gene is a transcriptional activator of several genes, including insulin, somatostatin, glucokinase, islet amyloid polypeptide, and glucose transporter type 2. The encoded nuclear protein is involved in the early development of the pancreas and plays a major role in glucose-dependent regulation of insulin gene expression. Defects in this gene are a cause of pancreatic agenesis, which can lead to early-onset insulin-dependent diabetes mellitus (NIDDM), as well as maturity onset diabetes of the young type 4 (MODY4). [provided by RefSeq, Jul 2008]"
285759.0,uncharacterized FLJ34503,-0.28860919525788792,0.0017870278967657565,"
"
29075.0,long intergenic non-protein coding RNA 652,-0.2880233979995851,0.0018224287162873015,"
"
4504.0,metallothionein 3,-0.28790788689965291,0.0018303781162092973,"
"
165679.0,"serine palmitoyltransferase, small subunit B",-0.28788916250371621,0.0018320188295265691,"Serine palmitoyltransferase (SPT; EC 2.3.1.50) catalyzes the first committed and rate-limiting step in sphingolipid biosynthesis. SSSPTB is a small SPT subunit that stimulates SPT activity and confers acyl-CoA preference to the SPT catalytic heterodimer of SPTLC1 (MIM 605712) and either SPTLC2 (MIM 605713) or SPTLC3 (MIM 611120) (Han et al., 2009 [PubMed 19416851]).[supplied by OMIM, Nov 2010]"
255239.0,ankyrin repeat and kinase domain containing 1,-0.28704647888224261,0.0018885738549736769,"The protein encoded by this gene belongs to the Ser/Thr protein kinase family, and protein kinase superfamily involved in signal transduction pathways. This gene is closely linked to DRD2 gene (GeneID:1813) on chr 11, and a well studied restriction fragment length polymorphism (RFLP) designated TaqIA, was originally associated with the DRD2 gene, however, later was determined to be located in exon 8 of ANKK1 gene (PMIDs: 18621654, 15146457), where it causes a nonconservative amino acid substitution. It is not clear if this gene plays any role in neuropsychiatric disorders previously associated with Taq1A RFLP. [provided by RefSeq, Sep 2009]"
4843.0,"nitric oxide synthase 2, inducible",-0.28691009057729744,0.0018992617136603463,"Nitric oxide is a reactive free radical which acts as a biologic mediator in several processes, including neurotransmission and antimicrobial and antitumoral activities. This gene encodes a nitric oxide synthase which is expressed in liver and is inducible by a combination of lipopolysaccharide and certain cytokines. Three related pseudogenes are located within the Smith-Magenis syndrome region on chromosome 17. [provided by RefSeq, Jul 2008]"
2567.0,"gamma-aminobutyric acid (GABA) A receptor, gamma 3",-0.28686617609939252,0.0019034516214372411,"
"
22801.0,"integrin, alpha 11",-0.28651607539252349,0.0019291568258647271,"This gene encodes an alpha integrin. Integrins are heterodimeric integral membrane proteins composed of an alpha chain and a beta chain. This protein contains an I domain, is expressed in muscle tissue, dimerizes with beta 1 integrin in vitro, and appears to bind collagen in this form. Therefore, the protein may be involved in attaching muscle tissue to the extracellular matrix. Alternative transcriptional splice variants have been found for this gene, but their biological validity is not determined. [provided by RefSeq, Jul 2008]"
389812.0,lipocalin 15,-0.28646778843044501,0.0019298241215429984,"
"
554201.0,CCDC148 antisense RNA 1,-0.2862007651463272,0.0019593198995493436,5
389668.0,"XK, Kell blood group complex subunit-related family, member 9",-0.28617817984829619,0.0019495844960523655,"
"
6324.0,"sodium channel, voltage gated, type I beta subunit",-0.28602771197747051,0.0019593654640926031,"Voltage-gated sodium channels are heteromeric proteins that function in the generation and propagation of action potentials in muscle and neuronal cells. They are composed of one alpha and two beta subunits, where the alpha subunit provides channel activity and the beta-1 subunit modulates the kinetics of channel inactivation. This gene encodes a sodium channel beta-1 subunit. Mutations in this gene result in generalized epilepsy with febrile seizures plus, Brugada syndrome 5, and defects in cardiac conduction. Multiple transcript variants encoding different isoforms have been found for this gene.[provided by RefSeq, Oct 2009]"
5264.0,phytanoyl-CoA 2-hydroxylase,-0.28591252933478872,0.001967903613772666,"This gene is a member of the PhyH family and encodes a peroxisomal protein that is involved in the alpha-oxidation of 3-methyl branched fatty acids. Specifically, this protein converts phytanoyl-CoA to 2-hydroxyphytanoyl-CoA. Mutations in this gene have been associated with Refsum disease (RD) and deficient protein activity has been associated with Zellweger syndrome and rhizomelic chondrodysplasia punctata. Alternate transcriptional splice variants, encoding different isoforms, have been characterized. [provided by RefSeq, Jul 2008]"
100192379.0,uncharacterized LOC100192379,-0.28469984213067495,0.002058226818922055,"
"
129293.0,TraB domain containing 2A,-0.28423098898575294,0.0020926956365631471,"
"
415117.0,syntaxin 19,-0.28407563636042366,0.0021050189766109672,"
"
3853.0,"keratin 6A, type II",-0.28355814713555161,0.0021472008775608423,"The protein encoded by this gene is a member of the keratin gene family. The type II cytokeratins consist of basic or neutral proteins which are arranged in pairs of heterotypic keratin chains coexpressed during differentiation of simple and stratified epithelial tissues. As many as six of this type II cytokeratin (KRT6) have been identified; the multiplicity of the genes is attributed to successive gene duplication events. The genes are expressed with family members KRT16 and/or KRT17 in the filiform papillae of the tongue, the stratified epithelial lining of oral mucosa and esophagus, the outer root sheath of hair follicles, and the glandular epithelia. This KRT6 gene in particular encodes the most abundant isoform. Mutations in these genes have been associated with pachyonychia congenita. In addition, peptides from the C-terminal region of the protein have antimicrobial activity against bacterial pathogens. The type II cytokeratins are clustered in a region of chromosome 12q12-q13. [provided by RefSeq, Oct 2014]"
4814.0,ninjurin 1,-0.28351096302638745,0.0021437025156292788,"The ninjurin protein is upregulated after nerve injury both in dorsal root ganglion neurons and in Schwann cells (Araki and Milbrandt, 1996 [PubMed 8780658]). It demonstrates properties of a homophilic adhesion molecule and promotes neurite outgrowth from primary cultured dorsal root ganglion neurons.[supplied by OMIM, Aug 2009]"
10388.0,synaptonemal complex protein 2,-0.28345828190635824,0.0021512526999538477,"The synaptonemal complex is a proteinaceous structure that links homologous chromosomes during the prophase of meiosis. The protein encoded by this gene is a major component of the synaptonemal complex and may bind DNA at scaffold attachment regions. The encoded protein requires synaptonemal complex protein 3, but not 1, for inclusion in the synaptonemal complex. [provided by RefSeq, Jul 2008]"
10279.0,"protease, serine, 16 (thymus)",-0.28299858168434611,0.0021876077505022765,"This gene encodes a serine protease expressed exclusively in the thymus. It is thought to play a role in the alternative antigen presenting pathway used by cortical thymic epithelial cells during the positive selection of T cells. The gene is found in the large histone gene cluster on chromosome 6, near the major histocompatibility complex (MHC) class I region. A second transcript variant has been described, but its full length nature has not been determined. [provided by RefSeq, Jul 2008]"
153.0,adrenoceptor beta 1,-0.28238639740636817,0.0022363467158333459,"The adrenergic receptors (subtypes alpha 1, alpha 2, beta 1, and beta 2) are a prototypic family of guanine nucleotide binding regulatory protein-coupled receptors that mediate the physiological effects of the hormone epinephrine and the neurotransmitter norepinephrine. Specific polymorphisms in this gene have been shown to affect the resting heart rate and can be involved in heart failure. [provided by RefSeq, Jul 2008]"
5743.0,prostaglandin-endoperoxide synthase 2 (prostaglandin G/H synthase and cyclooxygenase),-0.28148164087176386,0.0023106514829190424,"Prostaglandin-endoperoxide synthase (PTGS), also known as cyclooxygenase, is the key enzyme in prostaglandin biosynthesis, and acts both as a dioxygenase and as a peroxidase. There are two isozymes of PTGS: a constitutive PTGS1 and an inducible PTGS2, which differ in their regulation of expression and tissue distribution. This gene encodes the inducible isozyme. It is regulated by specific stimulatory events, suggesting that it is responsible for the prostanoid biosynthesis involved in inflammation and mitogenesis. [provided by RefSeq, Feb 2009]"
4430.0,myosin IB,-0.2810882653417387,0.0023425347499602392,"
"
9177.0,"5-hydroxytryptamine (serotonin) receptor 3B, ionotropic",-0.28067106062272673,0.0023778938357021276,"The product of this gene belongs to the ligand-gated ion channel receptor superfamily. This gene encodes subunit B of the type 3 receptor for 5-hydroxytryptamine (serotonin), a biogenic hormone that functions as a neurotransmitter, a hormone, and a mitogen. This receptor causes fast, depolarizing responses in neurons after activation. It is not functional as a homomeric complex, but a pentaheteromeric complex with subunit A (HTR3A) displays the full functional features of this receptor. [provided by RefSeq, Aug 2011]"
162387.0,major facilitator superfamily domain containing 6-like,-0.27973423409293502,0.0024593461945181436,"
"
285154.0,CYP1B1 antisense RNA 1,-0.27956042172265394,0.0024743295272272778,"
"
9840.0,"thymocyte expressed, positive selection associated 1",-0.27926049679980025,0.0025009725772197084,"
"
89866.0,"SEC16 homolog B, endoplasmic reticulum export factor",-0.27923681007100115,0.0025031551135927437,"SEC16B is a mammalian homolog of S. cerevisiae Sec16 that is required for organization of transitional endoplasmic reticulum (ER) sites and protein export (Bhattacharyya and Glick, 2007 [PubMed 17192411]).[supplied by OMIM, Jun 2009]"
9697.0,translocation associated membrane protein 2,-0.27848779185746531,0.0025699713617533737,"
"
55806.0,hair growth associated,-0.27821757232031591,0.0025954709838642161,"This gene encodes a protein that is involved in hair growth. This protein functions as a transcriptional corepressor of multiple nuclear receptors, including thyroid hormone receptor, the retinoic acid receptor-related orphan receptors and the vitamin D receptors, and it interacts with histone deacetylases. The translation of this protein is modulated by a regulatory open reading frame (ORF) that exists upstream of the primary ORF. Mutations in this upstream ORF cause Marie Unna hereditary hypotrichosis (MUHH), an autosomal dominant form of genetic hair loss. Mutations in this gene also cause autosomal recessive congenital alopecia and atrichia with papular lesions, other diseases resulting in hair loss. Two transcript variants encoding different isoforms have been found for this gene. [provided by RefSeq, Oct 2014]"
150538.0,SATB2 antisense RNA 1,-0.27758957293341435,0.0026533723462304933,2
5149.0,"phosphodiesterase 6H, cGMP-specific, cone, gamma",-0.27753932440952417,0.0026596537094421752,"This gene encodes the inhibitory (or gamma) subunit of the cone-specific cGMP phosphodiesterase, which is a tetramer composed of two catalytic chains (alpha and beta), and two inhibitory chains (gamma). It is specifically expressed in the retina, and is involved in the transmission and amplification of the visual signal. Mutations in this gene are associated with retinal cone dystrophy type 3A (RCD3A). [provided by RefSeq, Mar 2010]"
8817.0,fibroblast growth factor 18,-0.27746322247512156,0.0026672707488344357,"The protein encoded by this gene is a member of the fibroblast growth factor (FGF) family. FGF family members possess broad mitogenic and cell survival activities, and are involved in a variety of biological processes, including embryonic development, cell growth, morphogenesis, tissue repair, tumor growth, and invasion. It has been shown in vitro that this protein is able to induce neurite outgrowth in PC12 cells. Studies of the similar proteins in mouse and chick suggested that this protein is a pleiotropic growth factor that stimulates proliferation in a number of tissues, most notably the liver and small intestine. Knockout studies of the similar gene in mice implied the role of this protein in regulating proliferation and differentiation of midline cerebellar structures. [provided by RefSeq, Jul 2008]"
1946.0,ephrin-A5,-0.27726983309127229,0.0026818386373629942,"Ephrin-A5, a member of the ephrin gene family, prevents axon bundling in cocultures of cortical neurons with astrocytes, a model of late stage nervous system development and differentiation. The EPH and EPH-related receptors comprise the largest subfamily of receptor protein-tyrosine kinases and have been implicated in mediating developmental events, particularly in the nervous system. EPH receptors typically have a single kinase domain and an extracellular region containing a Cys-rich domain and 2 fibronectin type III repeats. The ephrin ligands and receptors have been named by the Eph Nomenclature Committee (1997). Based on their structures and sequence relationships, ephrins are divided into the ephrin-A (EFNA) class, which are anchored to the membrane by a glycosylphosphatidylinositol linkage, and the ephrin-B (EFNB) class, which are transmembrane proteins. The Eph family of receptors are similarly divided into 2 groups based on the similarity of their extracellular domain sequences and their affinities for binding ephrin-A and ephrin-B ligands. [provided by RefSeq, Jul 2008]"
6346.0,chemokine (C-C motif) ligand 1,-0.27719036856595808,0.0026913743565345856,"This antimicrobial gene is one of several chemokine genes clustered on the q-arm of chromosome 17. Chemokines form a superfamily of secreted proteins involved in immunoregulatory and inflammatory processes. The superfamily is divided into four subfamilies based on the arrangement of the N-terminal cysteine residues of the mature peptide. This chemokine, a member of the CC subfamily, is secreted by activated T cells and displays chemotactic activity for monocytes but not for neutrophils. It binds to the chemokine (C-C motif) receptor 8. [provided by RefSeq, Sep 2014]"
2118.0,ets variant 4,-0.27713629727847139,0.0026981045757111031,"
"
26280.0,interleukin 1 receptor accessory protein-like 2,-0.27690991355758376,0.0027192475567829389,"The protein encoded by this gene is a member of the interleukin 1 receptor family. This protein is similar to the interleukin 1 accessory proteins, and is most closely related to interleukin 1 receptor accessory protein-like 1 (IL1RAPL1). This gene and IL1RAPL1 are located at a region on chromosome X that is associated with X-linked non-syndromic mental retardation. [provided by RefSeq, Jul 2008]"
100131532.0,uncharacterized LOC100131532,-0.27665420383788952,0.0027423209996187935,"
"
28778.0,immunoglobulin lambda variable 6-57,-0.27580364909815686,0.002829238219626357,"
"
114815.0,sortilin-related VPS10 domain containing receptor 1,-0.27553531725887076,0.002850600392770272,"This gene encodes one family member of vacuolar protein sorting 10 (VPS10) domain-containing receptor proteins. The VPS10 domain name comes from the yeast carboxypeptidase Y sorting receptor Vps10 protein. Members of this gene family are large with many exons but the CDS lengths are usually less than 3700 nt. Very large introns typically separate the exons encoding the VPS10 domain; the remaining exons are separated by much smaller-sized introns. These genes are strongly expressed in the central nervous system. Two of the five family members (sortilin and sortilin-related receptor) are synthesized as preproproteins; it is not yet known if this encoded protein is also a preproprotein. Alternatively spliced transcript variants encoding different isoforms have been identified. [provided by RefSeq, Jul 2008]"
5322.0,"phospholipase A2, group V",-0.27541947198243427,0.0028635387860518045,"This gene is a member of the secretory phospholipase A2 family. It is located in a tightly-linked cluster of secretory phospholipase A2 genes on chromosome 1. The encoded enzyme catalyzes the hydrolysis of membrane phospholipids to generate lysophospholipids and free fatty acids including arachidonic acid. It preferentially hydrolyzes linoleoyl-containing phosphatidylcholine substrates. Secretion of this enzyme is thought to induce inflammatory responses in neighboring cells. Alternatively spliced transcript variants have been found, but their full-length nature has not been determined. [provided by RefSeq, Jul 2008]"
387357.0,thymocyte selection associated,-0.27473690549442231,0.0029355001714989853,"This gene encodes a protein that plays a regulatory role in both positive and negative T-cell selection during late thymocyte development. The protein functions through T-cell antigen receptor signaling, and is necessary for proper lineage commitment and maturation of T-cells. Alternative splicing results in multiple transcript variants. [provided by RefSeq, Sep 2009]"
7062.0,trichohyalin,-0.27467255337544549,0.0029394455591704328,"Trichohyalin confers mechanical strength to the hair follicle inner root sheath and to other toughened epithelial tissues, such as the hard palate and filiform ridges of the tongue, by forming multiple complex crosslinks with itself and with other structural proteins (Steinert et al., 2003 [PubMed 12853460]).[supplied by OMIM, Dec 2009]"
3398.0,"inhibitor of DNA binding 2, dominant negative helix-loop-helix protein",-0.27372342454207599,0.0030366647936803208,"The protein encoded by this gene belongs to the inhibitor of DNA binding family, members of which are transcriptional regulators that contain a helix-loop-helix (HLH) domain but not a basic domain. Members of the inhibitor of DNA binding family inhibit the functions of basic helix-loop-helix transcription factors in a dominant-negative manner by suppressing their heterodimerization partners through the HLH domains. This protein may play a role in negatively regulating cell differentiation. A pseudogene of this gene is located on chromosome 3. [provided by RefSeq, Aug 2011]"
7434.0,vasoactive intestinal peptide receptor 2,-0.27352128553258148,0.0030644519649328833,"This gene encodes a receptor for vasoactive intestinal peptide, a small neuropeptide. Vasoactive intestinal peptide is involved in smooth muscle relaxation, exocrine and endocrine secretion, and water and ion flux in lung and intestinal epithelia. Its actions are effected through integral membrane receptors associated with a guanine nucleotide binding protein which activates adenylate cyclase. [provided by RefSeq, Aug 2011]"
54972.0,transmembrane protein 132A,-0.27343196693666239,0.0030691486936422212,"This gene encodes a protein that is highly similar to the rat Grp78-binding protein (GBP). Alternatively spliced transcript variants encoding different isoforms have been described. [provided by RefSeq, Jul 2008]"
340547.0,V-set and immunoglobulin domain containing 1,-0.27323854988417301,0.0030951360470067328,"This gene encodes a member of the junctional adhesion molecule (JAM) family. The encoded protein contains multiple glycosylation sites at the N-terminal region, and multiple phosphorylation sites and glutamic acid/proline (EP) repeats at the C-terminal region. The gene is expressed in normal stomach and testis, as well as in gastric, esophageal and ovarian cancers. Alternatively spliced transcript variants encoding different isoforms have been found for this gene. [provided by RefSeq, Dec 2009]"
729420.0,LMO7 downstream neighbor,-0.2729062362991162,0.0031327547478657669,"
"
9572.0,"nuclear receptor subfamily 1, group D, member 1",-0.27268643951354116,0.0031516959089270629,"This gene encodes a transcription factor that is a member of the nuclear receptor subfamily 1. The encoded protein is a ligand-sensitive transcription factor that negatively regulates the expression of core clock proteins. In particular this protein represses the circadian clock transcription factor aryl hydrocarbon receptor nuclear translocator-like protein 1 (ARNTL). This protein may also be involved in regulating genes that function in metabolic, inflammatory and cardiovascular processes. [provided by RefSeq, Jan 2013]"
3827.0,kininogen 1,-0.27267324729481573,0.0031515873066237715,"This gene uses alternative splicing to generate two different proteins- high molecular weight kininogen (HMWK) and low molecular weight kininogen (LMWK). HMWK is essential for blood coagulation and assembly of the kallikrein-kinin system. Also, bradykinin, a peptide causing numerous physiological effects, is released from HMWK. Bradykinin also functions as an antimicrobial peptide with antibacterial and antifungal activity. In contrast to HMWK, LMWK is not involved in blood coagulation. Three transcript variants encoding different isoforms have been found for this gene.[provided by RefSeq, Nov 2014]"
9783.0,regulating synaptic membrane exocytosis 3,-0.27243437113751501,0.0031794806458323257,"
"
51725.0,F-box protein 40,-0.27195330687982672,0.0032328169513834732,"Members of the F-box protein family, such as FBXO40, are characterized by an approximately 40-amino acid F-box motif. SCF complexes, formed by SKP1 (MIM 601434), cullin (see CUL1; MIM 603134), and F-box proteins, act as protein-ubiquitin ligases. F-box proteins interact with SKP1 through the F box, and they interact with ubiquitination targets through other protein interaction domains (Jin et al., 2004 [PubMed 15520277]).[supplied by OMIM, Mar 2008]"
389320.0,testis expressed 43,-0.2715196884372495,0.0032829158343876501,"
"
122740.0,"olfactory receptor, family 4, subfamily K, member 14",-0.27130208117600019,0.0033111769926077788,"Olfactory receptors interact with odorant molecules in the nose, to initiate a neuronal response that triggers the perception of a smell. The olfactory receptor proteins are members of a large family of G-protein-coupled receptors (GPCR) arising from single coding-exon genes. Olfactory receptors share a 7-transmembrane domain structure with many neurotransmitter and hormone receptors and are responsible for the recognition and G protein-mediated transduction of odorant signals. The olfactory receptor gene family is the largest in the genome. The nomenclature assigned to the olfactory receptor genes and proteins for this organism is independent of other organisms. [provided by RefSeq, Jul 2008]"
8318.0,cell division cycle 45,-0.27116138287229175,0.0033258728428233069,"The protein encoded by this gene was identified by its strong similarity with Saccharomyces cerevisiae Cdc45, an essential protein required to the initiation of DNA replication. Cdc45 is a member of the highly conserved multiprotein complex including Cdc6/Cdc18, the minichromosome maintenance proteins (MCMs) and DNA polymerase, which is important for early steps of DNA replication in eukaryotes. This protein has been shown to interact with MCM7 and DNA polymerase alpha. Studies of the similar gene in Xenopus suggested that this protein play a pivotal role in the loading of DNA polymerase alpha onto chromatin. Alternate splicing results in multiple transcript variants. [provided by RefSeq, Jul 2013]"
728082.0,"cancer/testis antigen family 47, member A3",-0.27113879876005598,0.0033323193194006954,"This locus represents a member of the cancer/testis gene family 47. This family, also known as CT47, is comprised of 13 nearly identical loci clustered at Xq24. [provided by RefSeq, Sep 2010]"
59352.0,leucine-rich repeat containing G protein-coupled receptor 6,-0.27025254090506745,0.0034316786578697162,"This gene encodes a member of the leucine-rich repeat-containing subgroup of the G protein-coupled 7-transmembrane protein superfamily. The encoded protein is a glycoprotein hormone receptor with a large N-terminal extracellular domain that contains leucine-rich repeats important for the formation of a horseshoe-shaped interaction motif for ligand binding. Alternative splicing of this gene results in multiple transcript variants. [provided by RefSeq, Jul 2008]"
388762.0,"olfactory receptor, family 2, subfamily M, member 1 pseudogene",-0.27013440904466463,0.0034477140455376662,"
"
284312.0,zinc finger and SCAN domain containing 1,-0.26968860061972266,0.0035022652740843096,"
"
346689.0,"killer cell lectin-like receptor subfamily G, member 2",-0.26966973833719832,0.0035081095710915093,"
"
2735.0,GLI family zinc finger 1,-0.2694005750929328,0.0035319527010559655,"This gene encodes a member of the Kruppel family of zinc finger proteins. The encoded transcription factor is activated by the sonic hedgehog signal transduction cascade and regulates stem cell proliferation. The activity and nuclear localization of this protein is negatively regulated by p53 in an inhibitory loop. Multiple transcript variants encoding different isoforms have been found for this gene. [provided by RefSeq, May 2009]"
3196.0,T-cell leukemia homeobox 2,-0.26915524612310698,0.0035650767015455598,"This gene is a member of an orphan homeobox-containing transcription factor family. Studies of the mouse ortholog have shown that the encoded protein is crucial for the development of the enteric nervous system; in humans, loss-of-function may play a role in tumorigenesis of gastrointestinal stromal tumors. [provided by RefSeq, May 2010]"
8792.0,"tumor necrosis factor receptor superfamily, member 11a, NFKB activator",-0.26909260221540876,0.003573570263216004,"The protein encoded by this gene is a member of the TNF-receptor superfamily. This receptors can interact with various TRAF family proteins, through which this receptor induces the activation of NF-kappa B and MAPK8/JNK. This receptor and its ligand are important regulators of the interaction between T cells and dendritic cells. This receptor is also an essential mediator for osteoclast and lymph node development. Mutations at this locus have been associated with familial expansile osteolysis, autosomal recessive osteopetrosis, and Paget disease of bone. Alternatively spliced transcript variants have been described for this locus. [provided by RefSeq, Aug 2012]"
1962.0,"enoyl-CoA, hydratase/3-hydroxyacyl CoA dehydrogenase",-0.26873283060673814,0.0036226897809201364,"The protein encoded by this gene is a bifunctional enzyme and is one of the four enzymes of the peroxisomal beta-oxidation pathway. The N-terminal region of the encoded protein contains enoyl-CoA hydratase activity while the C-terminal region contains 3-hydroxyacyl-CoA dehydrogenase activity. Defects in this gene are a cause of peroxisomal disorders such as Zellweger syndrome. Two transcript variants encoding different isoforms have been found for this gene. [provided by RefSeq, Oct 2009]"
344018.0,folliculogenesis specific bHLH transcription factor,-0.26840187316907882,0.0036561711986188732,"This gene encodes a protein that functions in postnatal oocyte-specific gene expression. The protein is a basic helix-loop-helix transcription factor that regulates multiple oocyte-specific genes, including genes involved in folliculogenesis and those that encode the zona pellucida. Mutations in this gene cause premature ovarian failure type 6. [provided by RefSeq, Sep 2009]"
114876.0,oxysterol binding protein-like 1A,-0.26783965816552818,0.0037287417689016449,"This gene encodes a member of the oxysterol-binding protein (OSBP) family, a group of intracellular lipid receptors. Most members contain an N-terminal pleckstrin homology domain and a highly conserved C-terminal OSBP-like sterol-binding domain, although some members contain only the sterol-binding domain. Transcript variants derived from alternative promoter usage and/or alternative splicing exist; they encode different isoforms. [provided by RefSeq, Jul 2008]"
51421.0,angiomotin like 2,-0.26767368141153114,0.0037498526173220998,"Angiomotin is a protein that binds angiostatin, a circulating inhibitor of the formation of new blood vessels (angiogenesis). Angiomotin mediates angiostatin inhibition of endothelial cell migration and tube formation in vitro. The protein encoded by this gene is related to angiomotin and is a member of the motin protein family. Alternative splicing results in multiple transcript variants of this gene. [provided by RefSeq, Jul 2013]"
366.0,aquaporin 9,-0.2675425328852265,0.0037678452373589339,"The aquaporins are a family of water-selective membrane channels. The protein encoded by this gene allows passage of a wide variety of noncharged solutes. It stimulates urea transport and osmotic water permeability; there are contradicting reports about its role in providing glycerol permeability. The encoded protein may also play a role in specialized leukocyte functions such as immunological response and bactericidal activity. [provided by RefSeq, Jul 2008]"
646090.0,"rhophilin, Rho GTPase binding protein 2 pseudogene 1",-0.26705873971267369,0.003832357812961935,"<a href=""/nuccore/NG_023012.1?from=101&amp;to=48578&amp;report=genbank"" ref=""ordinalpos=1&amp;ncbi_uid=646090&amp;link_uid=NG_023012.1?from=101&amp;to=48578&amp;report=genbank"">GenBank</a>"
3787.0,"potassium voltage-gated channel, modifier subfamily S, member 1",-0.26704185168622441,0.0038360154471935234,"Voltage-gated potassium channels form the largest and most diversified class of ion channels and are present in both excitable and nonexcitable cells. Their main functions are associated with the regulation of the resting membrane potential and the control of the shape and frequency of action potentials. The alpha subunits are of 2 types: those that are functional by themselves and those that are electrically silent but capable of modulating the activity of specific functional alpha subunits. The protein encoded by this gene is not functional by itself but can form heteromultimers with member 1 and with member 2 (and possibly other members) of the Shab-related subfamily of potassium voltage-gated channel proteins. This gene belongs to the S subfamily of the potassium channel family. [provided by RefSeq, Jul 2008]"
253152.0,epoxide hydrolase 4,-0.26686355193338618,0.0038543638041621878,"
"
3575.0,interleukin 7 receptor,-0.26679270897983376,0.0038681427562208101,"The protein encoded by this gene is a receptor for interleukine 7 (IL7). The function of this receptor requires the interleukin 2 receptor, gamma chain (IL2RG), which is a common gamma chain shared by the receptors of various cytokines, including interleukine 2, 4, 7, 9, and 15. This protein has been shown to play a critical role in the V(D)J recombination during lymphocyte development. This protein is also found to control the accessibility of the TCR gamma locus by STAT5 and histone acetylation. Knockout studies in mice suggested that blocking apoptosis is an essential function of this protein during differentiation and activation of T lymphocytes. The functional defects in this protein may be associated with the pathogenesis of the severe combined immunodeficiency (SCID). Alternatively spliced transcript variants have been found for this gene. [provided by RefSeq, May 2014]"
10603.0,SH2B adaptor protein 2,-0.26594946844187345,0.003976831576103932,"The protein encoded by this gene is expressed in B lymphocytes and contains pleckstrin homology and src homology 2 (SH2) domains. In Burkitt's lymphoma cell lines, it is tyrosine-phosphorylated in response to B cell receptor stimulation. Because it binds Shc independent of stimulation and Grb2 after stimulation, it appears to play a role in signal transduction from the receptor to the Shc/Grb2 pathway. [provided by RefSeq, Jun 2009]"
284274.0,small integral membrane protein 21,-0.26526299623944449,0.0040831944729660579,"
"
222894.0,Fer3-like bHLH transcription factor,-0.26524584043753913,0.0040770312653332398,"
"
116255.0,monoacylglycerol O-acyltransferase 1,-0.26487820467962936,0.0041253728482162303,"Acyl-CoA:monoacylglycerol acyltransferase (MOGAT; EC 2.3.1.22) catalyzes the synthesis of diacylglycerols, the precursor of physiologically important lipids such as triacylglycerol and phospholipids (Yen et al., 2002 [PubMed 12077311]).[supplied by OMIM, Mar 2008]"
51514.0,denticleless E3 ubiquitin protein ligase homolog (Drosophila),-0.26484865288063697,0.0041358885696936177,"
"
9628.0,regulator of G-protein signaling 6,-0.26451527590480378,0.0041767153524238307,"This gene encodes a member of the RGS (regulator of G protein signaling) family of proteins, which are defined by the presence of a RGS domain that confers the GTPase-activating activity of these proteins toward certain G alpha subunits. This protein also belongs to a subfamily of RGS proteins characterized by the presence of DEP and GGL domains, the latter a G beta 5-interacting domain. The RGS proteins negatively regulate G protein signaling, and may modulate neuronal, cardiovascular, lymphocytic activities, and cancer risk. Many alternatively spliced transcript variants encoding different isoforms with long or short N-terminal domains, complete or incomplete GGL domains, and distinct C-terminal domains, have been described for this gene, however, the full-length nature of some of these variants is not known.[provided by RefSeq, Mar 2011]"
222537.0,heparan sulfate (glucosamine) 3-O-sulfotransferase 5,-0.26424567316677605,0.0042134570917896656,"HS3ST5 belongs to a group of heparan sulfate 3-O-sulfotransferases (EC 2.8.2.23) that transfer sulfate from 3-prime-phosphoadenosine 5-prime phosphosulfate (PAPS) to heparan sulfate and heparin (Mochizuki et al., 2003 [PubMed 12740361]).[supplied by OMIM, Mar 2008]"
2844.0,G protein-coupled receptor 21,-0.26424208549112221,0.0042197259016744423,"
"
57567.0,zinc finger protein 319,-0.26402457055361145,0.0042474205222388008,"
"
283767.0,golgin A6 family-like 1,-0.26388923592074581,0.0042656782523251627,golgin subfamily A member 6-like protein 1
145264.0,"serpin peptidase inhibitor, clade A (alpha-1 antiproteinase, antitrypsin), member 12",-0.26388419151369213,0.0042716257131625527,"
"
9949.0,"Alport syndrome, mental retardation, midface hypoplasia and elliptocytosis chromosomal region gene 1",-0.26346409134810528,0.0043359697179665277,"The exact function of this gene is not known, however, submicroscopic deletion of the X chromosome including this gene, COL4A5, and FACL4 genes, result in a contiguous gene deletion syndrome, the AMME complex (Alport syndrome, mental retardation, midface hypoplasia, and elliptocytosis). Alternatively spliced transcript variants encoding different isoforms have been found for this gene. [provided by RefSeq, Jan 2010]"
121256.0,transmembrane protein 132D,-0.26317343717390429,0.004373876254653743,"
"
563.0,"alpha-2-glycoprotein 1, zinc-binding",-0.26301193112184751,0.0043989256854228597,"
"
8220.0,DiGeorge syndrome critical region gene 14,-0.26288358206904183,0.0044168109197208587,"This gene is located within the minimal DGS critical region (MDGCR) thought to contain the gene(s) responsible for a group of developmental disorders. These disorders include DiGeorge syndrome, velocardiofacial syndrome, conotruncal anomaly face syndrome, and some familial or sporadic conotruncal cardiac defects which have been associated with microdeletion of 22q11.2. The encoded protein may be a component of C complex spliceosomes, and the orthologous protein in the mouse localizes to the nucleus. [provided by RefSeq, Jul 2008]"
340706.0,von Willebrand factor A domain containing 2,-0.26251861742069205,0.0044703493192611698,"This gene encodes a member of the von Willebrand factor A-like domain protein superfamily. The encoded protein is localized to the extracellular matrix and may serve as a structural component in basement membranes or in anchoring structures on scaffolds of collagen VII or fibrillin. This gene has been linked to type 1A diabetes and is a candidate serological marker for colon cancer. [provided by RefSeq, Jan 2013]"
27094.0,potassium channel subfamily M regulatory beta subunit 3,-0.26180138549168225,0.004581631906728471,"MaxiK channels are large conductance, voltage and calcium-sensitive potassium channels which are fundamental to the control of smooth muscle tone and neuronal excitability. MaxiK channels can be formed by 2 subunits: the pore-forming alpha subunit and the modulatory beta subunit. The protein encoded by this gene is an auxiliary beta subunit which may partially inactivate or slightly decrease the activation time of MaxiK alpha subunit currents. Alternative splicing results in multiple transcript variants. A related pseudogene has been identified on chromosome 22. [provided by RefSeq, Jul 2009]"
1956.0,epidermal growth factor receptor,-0.26130418821190815,0.0046618435588692986,"The protein encoded by this gene is a transmembrane glycoprotein that is a member of the protein kinase superfamily. This protein is a receptor for members of the epidermal growth factor family. EGFR is a cell surface protein that binds to epidermal growth factor. Binding of the protein to a ligand induces receptor dimerization and tyrosine autophosphorylation and leads to cell proliferation. Mutations in this gene are associated with lung cancer. Multiple alternatively spliced transcript variants that encode different protein isoforms have been found for this gene. [provided by RefSeq, Jul 2010]"
93082.0,neuralized E3 ubiquitin protein ligase 3,-0.26072634714448123,0.0047492284814081055,"
"
10231.0,regulator of calcineurin 2,-0.26014915661154608,0.0048371428818473833,"This gene encodes a member of the regulator of calcineurin (RCAN) protein family. These proteins play a role in many physiological processes by binding to the catalytic domain of calcineurin A, inhibiting calcineurin-mediated nuclear translocation of the transcription factor NFATC1. Expression of this gene in skin fibroblasts is upregulated by thyroid hormone, and the encoded protein may also play a role in endothelial cell function and angiogenesis. Alternatively spliced transcript variants encoding multiple isoforms have been observed for this gene. [provided by RefSeq, Oct 2011]"
10721.0,"polymerase (DNA directed), theta",-0.25984233462398176,0.0048926704922313555,"
"
140767.0,neurensin 1,-0.25978698267425443,0.0048980247384623234,"
"
53942.0,contactin 5,-0.2595918964821391,0.0049351704804687768,"The protein encoded by this gene is a member of the immunoglobulin superfamily, and contactin family, which mediate cell surface interactions during nervous system development. This protein is a glycosylphosphatidylinositol (GPI)-anchored neuronal membrane protein that functions as a cell adhesion molecule. It may play a role in the formation of axon connections in the developing nervous system. Alternatively spliced transcript variants encoding different isoforms have been described for this gene. [provided by RefSeq, Aug 2011]"
342850.0,ankyrin repeat domain 62,-0.25950209831009813,0.0049499523697880245,"
"
284486.0,thioesterase superfamily member 5,-0.25943754843413458,0.0049620492046486171,"
"
344901.0,osteocrin,-0.25930487568047994,0.004983999997122626,"
"
6645.0,"syntrophin, beta 2 (dystrophin-associated protein A1, 59kDa, basic component 2)",-0.25930445325969059,0.0049790701875381286,"Dystrophin is a large, rod-like cytoskeletal protein found at the inner surface of muscle fibers. Dystrophin is missing in Duchenne Muscular Dystrophy patients and is present in reduced amounts in Becker Muscular Dystrophy patients. The protein encoded by this gene is a peripheral membrane protein found associated with dystrophin and dystrophin-related proteins. This gene is a member of the syntrophin gene family, which contains at least two other structurally-related genes. [provided by RefSeq, Jul 2008]"
10451.0,vav 3 guanine nucleotide exchange factor,-0.25898879916414741,0.0050321312574071689,"
"
83547.0,Rab interacting lysosomal protein,-0.25852294043226326,0.0051076039652985013,"This gene encodes a lysosomal protein that interacts with RAB7, a small GTPase that controls transport to endocytic degradative compartments. Studies using mutant forms of the two proteins suggest that this protein represents a downstream effector for RAB7, and both proteins act together in the regulation of late endocytic traffic. A unique region of this protein has also been shown to be involved in the regulation of lysosomal morphology. [provided by RefSeq, Sep 2011]"
440132.0,long intergenic non-protein coding RNA 545,-0.25827874170312637,0.0051580104175984846,2
2312.0,filaggrin,-0.25805956676514646,0.0052023940481676521,"The protein encoded by this gene is an intermediate filament-associated protein that aggregates keratin intermediate filaments in mammalian epidermis. It is initially synthesized as a polyprotein precursor, profilaggrin (consisting of multiple filaggrin units of 324 aa each), which is localized in keratohyalin granules, and is subsequently proteolytically processed into individual functional filaggrin molecules. Mutations in this gene are associated with ichthyosis vulgaris.[provided by RefSeq, Dec 2009]"
64839.0,F-box and leucine-rich repeat protein 17,-0.25775445018488119,0.0052467623017440112,"Members of the F-box protein family, such as FBXL17, are characterized by an approximately 40-amino acid F-box motif. SCF complexes, formed by SKP1 (MIM 601434), cullin (see CUL1; MIM 603134), and F-box proteins, act as protein-ubiquitin ligases. F-box proteins interact with SKP1 through the F box, and they interact with ubiquitination targets through other protein interaction domains (Jin et al., 2004 [PubMed 15520277]).[supplied by OMIM, Mar 2008]"
54880.0,BCL6 corepressor,-0.25744204091954864,0.0053022232591359089,"The protein encoded by this gene was identified as an interacting corepressor of BCL6, a POZ/zinc finger transcription repressor that is required for germinal center formation and may influence apoptosis. This protein selectively interacts with the POZ domain of BCL6, but not with eight other POZ proteins. Specific class I and II histone deacetylases (HDACs) have been shown to interact with this protein, which suggests a possible link between the two classes of HDACs. Several transcript variants encoding different isoforms have been found for this gene. A pseudogene of this gene is found on chromosome Y.[provided by RefSeq, Jun 2010]"
8564.0,kynurenine 3-monooxygenase (kynurenine 3-hydroxylase),-0.25723796607115845,0.0053370201731706805,"This gene encodes a mitochondrion outer membrane protein that catalyzes the hydroxylation of L-tryptophan metabolite, L-kynurenine, to form L-3-hydroxykynurenine. Studies in yeast identified this gene as a therapeutic target for Huntington disease. [provided by RefSeq, Oct 2011]"
389421.0,lin-28 homolog B (C. elegans),-0.25655604427914769,0.0054562017169346175,"The protein encoded by this gene belongs to the lin-28 family, which is characterized by the presence of a cold-shock domain and a pair of CCHC zinc finger domains. This gene is highly expressed in testis, fetal liver, placenta, and in primary human tumors and cancer cell lines. It is negatively regulated by microRNAs that target sites in the 3' UTR, and overexpression of this gene in primary tumors is linked to the repression of let-7 family of microRNAs and derepression of let-7 targets, which facilitates cellular transformation. [provided by RefSeq, Jun 2012]"
1346.0,cytochrome c oxidase subunit VIIa polypeptide 1 (muscle),-0.25629010118174922,0.0055063417546663334,"Cytochrome c oxidase (COX), the terminal component of the mitochondrial respiratory chain, catalyzes the electron transfer from reduced cytochrome c to oxygen. This component is a heteromeric complex consisting of 3 catalytic subunits encoded by mitochondrial genes and multiple structural subunits encoded by nuclear genes. The mitochondrially-encoded subunits function in electron transfer, and the nuclear-encoded subunits may function in the regulation and assembly of the complex. This nuclear gene encodes polypeptide 1 (muscle isoform) of subunit VIIa and the polypeptide 1 is present only in muscle tissues. Other polypeptides of subunit VIIa are present in both muscle and nonmuscle tissues, and are encoded by different genes. [provided by RefSeq, Jul 2008]"
23129.0,plexin D1,-0.25619513947010497,0.0055222873130860743,"
"
2709.0,"gap junction protein, beta 5, 31.1kDa",-0.25610507330587678,0.0055443334666887313,"This gene encodes a member of the beta-type (group I) connexin family. The encoded protein is a gap junction protein involved in intercellular communication related to epidermal differentiation and environmental sensing. This gene has been linked to non-small cell lung cancer. [provided by RefSeq, Nov 2012]"
100128588.0,"PIN2/TERF1 interacting, telomerase inhibitor 1 pseudogene",-0.25596082442396573,0.0055764135719138927,112325509..112326865
